Workbook

Sheet README
A1: cfdb — Page-to-Mart Coverage Matrix (v3)
A2: NORTH STAR: every page rendering real data. Statuses verified 2026-08-19. Companion to cfdb_wireframe_v02.html.
A5: WHAT THIS IS
B6: A design for the dimensional model needed to serve wireframe v0.2. Seventeen pages mapped against 12 dimensions and 20 facts, plus the pre-joined serving views the Streamlit app actually reads.
A8: DECISIONS APPLIED
A9: Naming | B9: fct_* / dim_* everywhere. The three existing mart_* objects get renamed: mart_team_season_record -> fct_team_record, mart_team_schedule -> fct_game (schedule slice), mart_data_freshness -> fct_pipeline_run. Three renames now, while it is cheap.
A10: Serving layer | B10: Pre-joined wide serving tables (srv_*). dbt emits one denormalized table per view; Streamlit issues single-table SELECTs with a WHERE clause. No joins and no metric math in the app.
A11: Division scope | B11: FBS spine. Non-FBS teams that play an FBS opponent exist in dim_team as stubs (name, conference, logo, is_fbs = false) with no deep stats, so records and schedules reconcile.
A13: HOW TO READ THE MATRIX
A14: P | B14: Primary — this table sets the page's grain. Usually exactly one per page.
A15: S | B15: Secondary — a fact joined in for additional columns.
A16: D | B16: Dimension lookup — names, logos, labels, filter values.
A17: (blank) | B17: Not used by this page.
A19: STATUS VALUES
A20: LIVE | B20: An existing object maps to this.
A21: PARTIAL | B21: An existing object covers some of it.
A22: ASSUMED | B22: Must already exist in some form for the live marts to work, but NOT verified in this session.
A23: NOT BUILT | B23: Does not exist.
A25: WHAT CHANGED IN v2
B26: v1 of this workbook was written from three object names with no schema inspected. A read-only audit (claude_work/cfdb_model_reconciliation.md) reconciled it against the actual repo and found several material errors. All corrections are on the Changes sheet. The biggest: v1 had fct_game and fct_game_team exactly backwards, and building it as written would have duplicated a live production table.
A28: HOW MATURE THE REPO ACTUALLY IS
B29: Not the near-greenfield v1 assumed. 6 dbt models with 45 tests and zero untested models; 65 raw tables and ~3.04M records; the same dbt models running on BOTH transform Postgres and Databricks with checksum-verified parity; Airflow 3.3.1 with 4 live DAGs; and a deployed droplet serving Streamlit behind a Cloudflare tunnel.
A31: WHAT IS STILL UNVERIFIED
A32: 1 | B32: The EAV shape of /stats/player/season — documented, not inspected.
A33: 2 | B33: fct_team_talent zero-vs-null — observed in the training CSVs, not confirmed against landed raw.
A34: 3 | B34: Whether /games/teams box scores carry every column fct_game_team_advanced assumes.
A35: 4 | B35: The spread vs formatted_spread disagreement — it lives in an external workbook, not this repo.
A37: SHEETS
A38: Matrix | B38: Pages (rows) x tables (columns), with live coverage counts.
A39: Dimensions | B39: Catalog: grain, SCD approach, CFBD source, status, phase, design notes.
A40: Facts | B40: Same, for facts. Read the notes column — that is where the traps are.
A41: Serving_Views | B41: One srv_* view per page view, with its grain and why it is shaped that way.
A42: Gaps_Risks | B42: 18 items: 2 CRITICAL, 5 HIGH, 4 MEDIUM, 1 LOW, 4 RESOLVED by the audit, 2 OPEN.
A43: Changes | B43: Every v1 -> v2 correction, with old and new values.
A44: Build_Order | B44: Phased sequence with counts driven off the Facts and Dimensions sheets.

Sheet Matrix
A1: Page-to-Mart Coverage Matrix
A2: P = primary grain · S = secondary fact · D = dimension lookup
A4: Page | B4: Phase | C4: Primary grain | D4: dim_team | E4: dim_conference | F4: dim_venue | G4: dim_season | H4: dim_week | I4: dim_coach | J4: dim_athlete | K4: dim_poll | L4: dim_provider | M4: dim_model_version | N4: dim_stat_category | O4: dim_field_metadata | P4: fct_game | Q4: fct_game_team | R4: fct_game_team_advanced | S4: fct_team_week_rating | T4: fct_team_season_stat | U4: fct_team_record | V4: fct_poll_rank | W4: fct_betting_line | X4: fct_prediction | Y4: fct_drive | Z4: fct_play | AA4: fct_player_game_stat | AB4: fct_player_season_stat | AC4: fct_team_talent | AD4: fct_returning_production | AE4: fct_game_weather | AF4: fct_bet | AG4: fct_endpoint_freshness | AH4: fct_pipeline_run | AI4: fct_dq_test_result | AJ4: fct_api_usage | AK4: P | AL4: S | AM4: D | AN4: Total | AO4: % ready | AP4: Renders today?
A5: Today | B5: P1 | C5: fct_game | D5: D | E5: D | G5: D | H5: D | P5: P | V5: S | W5: S | X5: S | AK5: =COUNTIF(D5:AJ5,"P") -> 1 | AL5: =COUNTIF(D5:AJ5,"S") -> 3 | AM5: =COUNTIF(D5:AJ5,"D") -> 4 | AN5: =COUNTA(D5:AJ5) -> 8 | AO5: =IF(COUNTA(D5:AJ5)=0,"",(SUMPRODUCT(--(D5:AJ5<>""),--($D$23:$AJ$23="LIVE"))+SUMPRODUCT(--(D5:AJ5<>""),--($D$23:$AJ$23="PARTIAL")))/COUNTA(D5:AJ5)) -> 0.75 | AP5: renders
A6: Schedule | B6: P1 | C6: fct_game | D6: D | E6: D | F6: D | G6: D | H6: D | P6: P | W6: S | X6: S | AK6: =COUNTIF(D6:AJ6,"P") -> 1 | AL6: =COUNTIF(D6:AJ6,"S") -> 2 | AM6: =COUNTIF(D6:AJ6,"D") -> 5 | AN6: =COUNTA(D6:AJ6) -> 8 | AO6: =IF(COUNTA(D6:AJ6)=0,"",(SUMPRODUCT(--(D6:AJ6<>""),--($D$23:$AJ$23="LIVE"))+SUMPRODUCT(--(D6:AJ6<>""),--($D$23:$AJ$23="PARTIAL")))/COUNTA(D6:AJ6)) -> 0.875 | AP6: renders
A7: Scores | B7: P1 | C7: fct_game | D7: D | E7: D | G7: D | H7: D | P7: P | Q7: S | S7: S | U7: S | W7: S | X7: S | AK7: =COUNTIF(D7:AJ7,"P") -> 1 | AL7: =COUNTIF(D7:AJ7,"S") -> 5 | AM7: =COUNTIF(D7:AJ7,"D") -> 4 | AN7: =COUNTA(D7:AJ7) -> 10 | AO7: =IF(COUNTA(D7:AJ7)=0,"",(SUMPRODUCT(--(D7:AJ7<>""),--($D$23:$AJ$23="LIVE"))+SUMPRODUCT(--(D7:AJ7<>""),--($D$23:$AJ$23="PARTIAL")))/COUNTA(D7:AJ7)) -> 0.8 | AP7: renders
A8: Rankings | B8: P2 | C8: fct_poll_rank | D8: D | E8: D | G8: D | H8: D | K8: D | P8: S | S8: S | V8: P | AK8: =COUNTIF(D8:AJ8,"P") -> 1 | AL8: =COUNTIF(D8:AJ8,"S") -> 2 | AM8: =COUNTIF(D8:AJ8,"D") -> 5 | AN8: =COUNTA(D8:AJ8) -> 8 | AO8: =IF(COUNTA(D8:AJ8)=0,"",(SUMPRODUCT(--(D8:AJ8<>""),--($D$23:$AJ$23="LIVE"))+SUMPRODUCT(--(D8:AJ8<>""),--($D$23:$AJ$23="PARTIAL")))/COUNTA(D8:AJ8)) -> 0.625 | AP8: BLOCKED: fct_poll_rank
A9: Standings | B9: P1 | C9: fct_team_record | D9: D | E9: D | G9: D | P9: S | S9: S | U9: P | V9: S | W9: S | AK9: =COUNTIF(D9:AJ9,"P") -> 1 | AL9: =COUNTIF(D9:AJ9,"S") -> 4 | AM9: =COUNTIF(D9:AJ9,"D") -> 3 | AN9: =COUNTA(D9:AJ9) -> 8 | AO9: =IF(COUNTA(D9:AJ9)=0,"",(SUMPRODUCT(--(D9:AJ9<>""),--($D$23:$AJ$23="LIVE"))+SUMPRODUCT(--(D9:AJ9<>""),--($D$23:$AJ$23="PARTIAL")))/COUNTA(D9:AJ9)) -> 0.75 | AP9: renders
A10: Stats | B10: P2 | C10: fct_team_season_stat | D10: D | E10: D | G10: D | H10: D | J10: D | N10: D | R10: S | S10: S | T10: P | Y10: S | Z10: S | AA10: S | AB10: S | AK10: =COUNTIF(D10:AJ10,"P") -> 1 | AL10: =COUNTIF(D10:AJ10,"S") -> 6 | AM10: =COUNTIF(D10:AJ10,"D") -> 6 | AN10: =COUNTA(D10:AJ10) -> 13 | AO10: =IF(COUNTA(D10:AJ10)=0,"",(SUMPRODUCT(--(D10:AJ10<>""),--($D$23:$AJ$23="LIVE"))+SUMPRODUCT(--(D10:AJ10<>""),--($D$23:$AJ$23="PARTIAL")))/COUNTA(D10:AJ10)) -> 0.30769231 | AP10: BLOCKED: fct_team_season_stat
A11: Teams | B11: P1 | C11: dim_team | D11: P | E11: D | G11: D | P11: S | S11: S | U11: S | W11: S | AC11: S | AK11: =COUNTIF(D11:AJ11,"P") -> 1 | AL11: =COUNTIF(D11:AJ11,"S") -> 5 | AM11: =COUNTIF(D11:AJ11,"D") -> 2 | AN11: =COUNTA(D11:AJ11) -> 8 | AO11: =IF(COUNTA(D11:AJ11)=0,"",(SUMPRODUCT(--(D11:AJ11<>""),--($D$23:$AJ$23="LIVE"))+SUMPRODUCT(--(D11:AJ11<>""),--($D$23:$AJ$23="PARTIAL")))/COUNTA(D11:AJ11)) -> 0.75 | AP11: renders
A12: Team page | B12: P2 | C12: dim_team | D12: P | E12: D | F12: D | G12: D | H12: D | I12: D | J12: D | P12: S | Q12: S | R12: S | S12: S | T12: S | U12: S | W12: S | X12: S | AA12: S | AB12: S | AC12: S | AD12: S | AK12: =COUNTIF(D12:AJ12,"P") -> 1 | AL12: =COUNTIF(D12:AJ12,"S") -> 12 | AM12: =COUNTIF(D12:AJ12,"D") -> 6 | AN12: =COUNTA(D12:AJ12) -> 19 | AO12: =IF(COUNTA(D12:AJ12)=0,"",(SUMPRODUCT(--(D12:AJ12<>""),--($D$23:$AJ$23="LIVE"))+SUMPRODUCT(--(D12:AJ12<>""),--($D$23:$AJ$23="PARTIAL")))/COUNTA(D12:AJ12)) -> 0.47368421 | AP12: renders
A13: Matchup | B13: P3 | C13: fct_game | D13: D | F13: D | G13: D | H13: D | M13: D | P13: P | Q13: S | R13: S | S13: S | T13: S | W13: S | X13: S | Y13: S | Z13: S | AE13: S | AK13: =COUNTIF(D13:AJ13,"P") -> 1 | AL13: =COUNTIF(D13:AJ13,"S") -> 9 | AM13: =COUNTIF(D13:AJ13,"D") -> 5 | AN13: =COUNTA(D13:AJ13) -> 15 | AO13: =IF(COUNTA(D13:AJ13)=0,"",(SUMPRODUCT(--(D13:AJ13<>""),--($D$23:$AJ$23="LIVE"))+SUMPRODUCT(--(D13:AJ13<>""),--($D$23:$AJ$23="PARTIAL")))/COUNTA(D13:AJ13)) -> 0.46666667 | AP13: renders
A14: Odds Board | B14: P5 | C14: fct_betting_line | D14: D | E14: D | G14: D | H14: D | L14: D | P14: S | W14: P | X14: S | AK14: =COUNTIF(D14:AJ14,"P") -> 1 | AL14: =COUNTIF(D14:AJ14,"S") -> 2 | AM14: =COUNTIF(D14:AJ14,"D") -> 5 | AN14: =COUNTA(D14:AJ14) -> 8 | AO14: =IF(COUNTA(D14:AJ14)=0,"",(SUMPRODUCT(--(D14:AJ14<>""),--($D$23:$AJ$23="LIVE"))+SUMPRODUCT(--(D14:AJ14<>""),--($D$23:$AJ$23="PARTIAL")))/COUNTA(D14:AJ14)) -> 0.875 | AP14: renders
A15: Edge Finder | B15: P5 | C15: fct_prediction | D15: D | E15: D | F15: D | G15: D | H15: D | L15: D | M15: D | P15: S | S15: S | W15: S | X15: P | AE15: S | AK15: =COUNTIF(D15:AJ15,"P") -> 1 | AL15: =COUNTIF(D15:AJ15,"S") -> 4 | AM15: =COUNTIF(D15:AJ15,"D") -> 7 | AN15: =COUNTA(D15:AJ15) -> 12 | AO15: =IF(COUNTA(D15:AJ15)=0,"",(SUMPRODUCT(--(D15:AJ15<>""),--($D$23:$AJ$23="LIVE"))+SUMPRODUCT(--(D15:AJ15<>""),--($D$23:$AJ$23="PARTIAL")))/COUNTA(D15:AJ15)) -> 0.66666667 | AP15: BLOCKED: fct_prediction
A16: Model Performance | B16: P5 | C16: fct_prediction | D16: D | E16: D | G16: D | H16: D | M16: D | P16: S | W16: S | X16: P | AF16: S | AK16: =COUNTIF(D16:AJ16,"P") -> 1 | AL16: =COUNTIF(D16:AJ16,"S") -> 3 | AM16: =COUNTIF(D16:AJ16,"D") -> 5 | AN16: =COUNTA(D16:AJ16) -> 9 | AO16: =IF(COUNTA(D16:AJ16)=0,"",(SUMPRODUCT(--(D16:AJ16<>""),--($D$23:$AJ$23="LIVE"))+SUMPRODUCT(--(D16:AJ16<>""),--($D$23:$AJ$23="PARTIAL")))/COUNTA(D16:AJ16)) -> 0.66666667 | AP16: BLOCKED: fct_prediction
A17: Line Movement | B17: P4 | C17: fct_betting_line | D17: D | G17: D | H17: D | L17: D | P17: S | W17: P | X17: S | AK17: =COUNTIF(D17:AJ17,"P") -> 1 | AL17: =COUNTIF(D17:AJ17,"S") -> 2 | AM17: =COUNTIF(D17:AJ17,"D") -> 4 | AN17: =COUNTA(D17:AJ17) -> 7 | AO17: =IF(COUNTA(D17:AJ17)=0,"",(SUMPRODUCT(--(D17:AJ17<>""),--($D$23:$AJ$23="LIVE"))+SUMPRODUCT(--(D17:AJ17<>""),--($D$23:$AJ$23="PARTIAL")))/COUNTA(D17:AJ17)) -> 0.85714286 | AP17: renders
A18: Excel Export | B18: P5 | C18: (composite - no single grain) | D18: D | E18: D | G18: D | H18: D | M18: D | O18: S | P18: S | S18: S | T18: S | U18: S | W18: S | X18: S | AK18: =COUNTIF(D18:AJ18,"P") -> 0 | AL18: =COUNTIF(D18:AJ18,"S") -> 7 | AM18: =COUNTIF(D18:AJ18,"D") -> 5 | AN18: =COUNTA(D18:AJ18) -> 12 | AO18: =IF(COUNTA(D18:AJ18)=0,"",(SUMPRODUCT(--(D18:AJ18<>""),--($D$23:$AJ$23="LIVE"))+SUMPRODUCT(--(D18:AJ18<>""),--($D$23:$AJ$23="PARTIAL")))/COUNTA(D18:AJ18)) -> 0.58333333 | AP18: renders
A19: Data Dictionary | B19: P1 | C19: dim_field_metadata | O19: P | AK19: =COUNTIF(D19:AJ19,"P") -> 1 | AL19: =COUNTIF(D19:AJ19,"S") -> 0 | AM19: =COUNTIF(D19:AJ19,"D") -> 0 | AN19: =COUNTA(D19:AJ19) -> 1 | AO19: =IF(COUNTA(D19:AJ19)=0,"",(SUMPRODUCT(--(D19:AJ19<>""),--($D$23:$AJ$23="LIVE"))+SUMPRODUCT(--(D19:AJ19<>""),--($D$23:$AJ$23="PARTIAL")))/COUNTA(D19:AJ19)) -> 0 | AP19: BLOCKED: dim_field_metadata
A20: Methodology | B20: P6 | C20: (composite - no single grain) | M20: D | O20: S | AG20: S | AK20: =COUNTIF(D20:AJ20,"P") -> 0 | AL20: =COUNTIF(D20:AJ20,"S") -> 2 | AM20: =COUNTIF(D20:AJ20,"D") -> 1 | AN20: =COUNTA(D20:AJ20) -> 3 | AO20: =IF(COUNTA(D20:AJ20)=0,"",(SUMPRODUCT(--(D20:AJ20<>""),--($D$23:$AJ$23="LIVE"))+SUMPRODUCT(--(D20:AJ20<>""),--($D$23:$AJ$23="PARTIAL")))/COUNTA(D20:AJ20)) -> 0.33333333 | AP20: renders
A21: System Overview | B21: P1 | C21: fct_endpoint_freshness, fct_dq_test_result | O21: S | W21: S | AG21: P | AH21: S | AI21: P | AJ21: S | AK21: =COUNTIF(D21:AJ21,"P") -> 2 | AL21: =COUNTIF(D21:AJ21,"S") -> 4 | AM21: =COUNTIF(D21:AJ21,"D") -> 0 | AN21: =COUNTA(D21:AJ21) -> 6 | AO21: =IF(COUNTA(D21:AJ21)=0,"",(SUMPRODUCT(--(D21:AJ21<>""),--($D$23:$AJ$23="LIVE"))+SUMPRODUCT(--(D21:AJ21<>""),--($D$23:$AJ$23="PARTIAL")))/COUNTA(D21:AJ21)) -> 0.5 | AP21: BLOCKED: fct_dq_test_result
C22: Pages using this table | D22: =COUNTA(D5:D21) -> 14 | E22: =COUNTA(E5:E21) -> 12 | F22: =COUNTA(F5:F21) -> 4 | G22: =COUNTA(G5:G21) -> 14 | H22: =COUNTA(H5:H21) -> 12 | I22: =COUNTA(I5:I21) -> 1 | J22: =COUNTA(J5:J21) -> 2 | K22: =COUNTA(K5:K21) -> 1 | ... AJ22: =COUNTA(AJ5:AJ21) -> 1
C23: Build status | D23: LIVE | E23: LIVE | F23: LIVE | G23: LIVE | H23: LIVE | I23: NOT BUILT | J23: NOT BUILT | K23: NOT BUILT | L23: LIVE | M23: NOT BUILT | N23: NOT BUILT | O23: NOT BUILT | P23: LIVE | Q23: LIVE | R23: NOT BUILT | S23: NOT BUILT | T23: NOT BUILT | U23: LIVE | V23: NOT BUILT | W23: LIVE | X23: NOT BUILT | Y23: NOT BUILT | Z23: NOT BUILT | AA23: NOT BUILT | AB23: NOT BUILT | AC23: NOT BUILT | AD23: NOT BUILT | AE23: NOT BUILT | AF23: NOT BUILT | AG23: LIVE | AH23: NOT BUILT | AI23: NOT BUILT | AJ23: LIVE
A25: Note | C25: Status row is inferred from three supplied object NAMES only — mart_data_freshness, mart_team_schedule, mart_team_season_record. No schema was inspected. '% ready' therefore measures name-level coverage, not working coverage.

Sheet Dimensions
A1: Dimensions
A2: 12 dimensions. 'Pages served' is a live count off the Matrix sheet.
A4: Table | B4: Grain | C4: SCD / load pattern | D4: CFBD source | E4: Status | F4: Phase | G4: Pages served | H4: Design notes & traps
A5: dim_team | B5: One row per team per season | C5: Season-scoped (SCD2 REJECTED) | D5: /teams, /teams/fbs | E5: LIVE | F5: P1 | G5: =COUNTA(Matrix!D$5:D$21) -> 14 | H5: v2: exists as staging.stg_teams, a VIEW at team x season, 34,061 rows. Needs promotion to marts. CRITICAL GAP: logos, color and alternate_color are ABSENT from the model though present in the raw payload - wireframe v0.2 depends on both. SCD2 was specified in v1 and is now REJECTED: realignment happens between seasons, season-scoping answers that exactly, and no page asks 'what was true on date D'.
A6: dim_conference | B6: One row per conference | C6: SCD1 | D6: /conferences | E6: LIVE | F6: P1 | G6: =COUNTA(Matrix!E$5:E$21) -> 12 | H6: v2 CORRECTION: v1 marked this ASSUMED. It does not exist in any form - conference is a text column on stg_teams and mart_team_schedule. No entity, no key, no attributes. Genuine build. Unblocks 12 pages.
A7: dim_venue | B7: One row per venue | C7: SCD1 | D7: /venues | E7: LIVE | F7: P1 | G7: =COUNTA(Matrix!F$5:F$21) -> 4 | H7: raw.raw_venues landed, not modelled. lat/lon, elevation, capacity, dome, grass, timezone. Powers travel distance, elevation delta and the neutral-site flag. Cheap table, disproportionate feature value.
A8: dim_season | B8: One row per season | C8: static | D8: derived | E8: LIVE | F8: P1 | G8: =COUNTA(Matrix!G$5:G$21) -> 14 | H8: Trivial. Seasons range 1869-2026 in stg_games.
A9: dim_week | B9: One row per season x season_type x week | C9: static | D9: /calendar | E9: LIVE | F9: P1 | G9: =COUNTA(Matrix!H$5:H$21) -> 12 | H9: VERIFIED CONSTRAINT: /calendar returns nothing before 2002, while stg_games covers 1869-2026. dim_week therefore cannot cover ~130 historical seasons - any week-grain join across deep history loses them. Record the floor in the model and test for it. season_type is part of the key: PostSeason Week 1 is NOT Regular Season Week 1.
A10: dim_coach | B10: One row per coach per team-tenure | C10: SCD2 on team | D10: /coaches, /coaches/tenures | E10: NOT BUILT | F10: V1.5 | G10: =COUNTA(Matrix!I$5:I$21) -> 1 | H10: raw.raw_coaches landed, 141 seasons (1886+). Only needed for backlog B5.
A11: dim_athlete | B11: One row per player per team-season | C11: Season-scoped | D11: /roster, /player/search | E11: NOT BUILT | F11: P3 | G11: =COUNTA(Matrix!J$5:J$21) -> 2 | H11: raw.raw_roster landed (3 responses). Hometown lat/lon and recruitIds are on the payload. Season-scoped for the same reason as dim_team.
A12: dim_poll | B12: One row per poll type | C12: static | D12: derived from /rankings | E12: NOT BUILT | F12: NEXT | G12: =COUNTA(Matrix!K$5:K$21) -> 1 | H12: raw.raw_rankings landed (1936+). Tiny, but it lets the rankings template drop the Points column for CFP without a special case.
A13: dim_provider | B13: One row per sportsbook | C13: SCD1 | D13: /lines[].provider | E13: LIVE | F13: P1 | G13: =COUNTA(Matrix!L$5:L$21) -> 3 | H13: v2: PROVIDER LIST NOW VERIFIED from 12 landed responses - ESPN Bet (3,199 rows), Bovada (2,148), DraftKings (2,032), 'Draft Kings' (64). NONE of v1's four guesses appear. DEFECT: the two DraftKings spellings are one book and will silently split any provider comparison. DECIDED: preserve provider_raw exactly as landed AND add a mapped provider_key - no blind rename, so the mapping stays auditable. Test must FAIL on an unmapped provider_raw.
A14: dim_model_version | B14: One row per trained model version | C14: append-only | D14: internal | E14: NOT BUILT | F14: NEXT | G14: =COUNTA(Matrix!M$5:M$21) -> 5 | H14: No ML in the repo at all. Without this in fct_prediction's grain, a retrain silently rewrites measured history.
A15: dim_stat_category | B15: One row per stat category x stat type | C15: static | D15: derived | E15: NOT BUILT | F15: P2 | G15: =COUNTA(Matrix!N$5:N$21) -> 1 | H15: Pivot/typing lookup for the EAV-shaped /stats/player/season. UNVERIFIED: the EAV shape is documented but was not inspected in the audit.
A16: dim_field_metadata | B16: One row per table x column | C16: versioned | D16: dbt schema.yml + persist_docs | E16: NOT BUILT | F16: NEXT | G16: =COUNTA(Matrix!O$5:O$21) -> 4 | H16: v2: moved P1 -> P2. Marc calls this a requirement and it stays in scope, but all 6 existing models already carry schema.yml descriptions and `dbt docs generate` covers the need until there are more tables. Feeds both the website page and the Excel sheet from one source so they cannot drift. Must carry a per-field status so unconfirmed fields (e.g. `spread` in the CFBD weekly training CSVs) read as unknown rather than a plausible guess.

Sheet Facts
A1: Facts
A2: 20 facts. The notes column is where the traps are — read it before building.
A4: Table | B4: Grain | C4: SCD / load pattern | D4: CFBD source | E4: Status | F4: Phase | G4: Pages served | H4: Design notes & traps
A5: fct_game | B5: One row per game | C5: transaction | D5: /games, /games/media | E5: LIVE | F5: P1 | G5: =COUNTA(Matrix!P$5:P$21) -> 13 | H5: v2 CORRECTION: v1 marked this PARTIAL. It is not. The one-row-per-game grain exists ONLY as staging.stg_games, a view (110,102 rows). No mart at this grain. DECIDED: promote stg_games to a mart. It must exist alongside fct_game_team - deriving a game list from the team-game table by filtering is_home is the double-count trap.
A6: fct_game_team | B6: One row per game x team (2 per game) | C6: transaction | D6: /games (+ /games/teams to extend) | E6: LIVE | F6: P1 | G6: =COUNTA(Matrix!Q$5:Q$21) -> 3 | H6: v2 CORRECTION - THE HEADLINE ERROR: v1 marked this NOT BUILT / P2. It is LIVE as marts.mart_team_schedule - 220,204 rows (exactly 2 x 110,102), 9 tests, serving the site since 2026-08-15. Building it as v1 specified would have DUPLICATED a production table. Sourced from /games, so it has schedule and result columns but no box scores. DECIDED: EXTEND this mart with /games/teams box-score columns; never create a second table at the same grain.
A7: fct_game_team_advanced | B7: One row per game x team | C7: transaction | D7: /stats/game/advanced, /game/box/advanced, /ppa/games, /stats/game/havoc | E7: NOT BUILT | F7: P2 | G7: =COUNTA(Matrix!R$5:R$21) -> 3 | H7: Raw landed (raw_stats_game_advanced, raw_ppa_games). UNVERIFIED: whether /games/teams box scores carry every column this assumes.
A8: fct_team_week_rating | B8: One row per team x season x week | C8: periodic snapshot | D8: /ratings/sp, /ratings/elo, /ratings/srs, /ratings/fpi, /ratings/core, /wepa/team/season | E8: NOT BUILT | F8: P2 | G8: =COUNTA(Matrix!S$5:S$21) -> 9 | H8: All five ratings endpoints are landed in raw; nothing is modelled. This is the as-of-week snapshot the CFBD weekly training CSVs already are (Alabama adj-EPA 0.2918 in W5 -> 0.2747 in W11). Point-in-time correctness lives or dies here: if it is ever rebuilt with end-of-season values every backtest silently leaks. Enforce with a uniqueness test on (team_id, season, week) plus a test that a written week never changes.
A9: fct_team_season_stat | B9: One row per team x season x through_week | C9: accumulating snapshot | D9: /stats/season, /stats/season/advanced, /ppa/teams | E9: NOT BUILT | F9: NEXT | G9: =COUNTA(Matrix!T$5:T$21) -> 4 | H9: raw.raw_stats_season landed (1869+). through_week in the grain is what lets Stats show 'through week 8' honestly.
A10: fct_team_record | B10: One row per team x season | C10: accumulating snapshot | D10: DERIVED from stg_games | E10: LIVE | F10: P1 | G10: =COUNTA(Matrix!U$5:U$21) -> 5 | H10: v2 SOURCE CORRECTION: v1 said /records. Reality - marts.mart_team_season_record computes W-L-T from stg_games by unpivoting home/away. /records is landed and UNUSED. 30,221 rows, 11 tests. No tiebreak_rank column exists. DECIDED: keep deriving from stg_games (internally consistent with the game spine) and add a dbt TEST that reconciles against /records - cheap, since it is already landed, and a strong DQ artifact.
A11: fct_poll_rank | B11: One row per poll x season x week x team | C11: periodic snapshot | D11: /rankings | E11: NOT BUILT | F11: NEXT | G11: =COUNTA(Matrix!V$5:V$21) -> 3 | H11: raw.raw_rankings landed (1936+). Points is null for the CFP poll by nature, not by error.
A12: fct_betting_line | B12: One row per game x provider x snapshot_ts | C12: accumulating snapshot | D12: /lines | E12: LIVE | F12: P1 | G12: =COUNTA(Matrix!W$5:W$21) -> 13 | H12: RAW IS ACCRUING - 12 snapshot files, 10 loaded. The DAG has run since 2026-08-15 but at @daily, and it FETCHES WITHOUT LOADING (loading happens only in the weekly DAGs), so the warehouse can lag disk by a week. The raw files are the durable history, so only the FETCH cadence is irreversible. DECIDED: season-aware cadence - daily off-season, 4-hourly from 7 days before the first game. Switch date 2026-08-20; window closes 2027-01-27 (championship is Mon 2027-01-25, Allegiant Stadium; +2 days because a 7:30pm ET kickoff runs past midnight UTC). Keep BOTH spread and formatted_spread - they disagree historically and neither is known authoritative.
A13: fct_prediction | B13: One row per game x model_version x prediction_ts | C13: append-only | D13: cfdb model output | E13: NOT BUILT | F13: NEXT | G13: =COUNTA(Matrix!X$5:X$21) -> 10 | H13: No ML anywhere in the repo yet. pred points, margin, spread, win_prob, and a confidence band (backlog A6 - at 14.1 pts of margin MAE a bare point estimate is false precision). Append-only so a retrain never rewrites what was actually predicted.
A14: fct_drive | B14: One row per drive | C14: transaction | D14: /drives | E14: NOT BUILT | F14: P2 | G14: =COUNTA(Matrix!Y$5:Y$21) -> 2 | H14: raw.raw_drives landed (6 responses, 2024-2026). Backlog B2 - points per drive, scoring-opportunity rate.
A15: fct_play | B15: One row per play | C15: transaction | D15: /plays, /plays/stats | E15: NOT BUILT | F15: P3 | G15: =COUNTA(Matrix!Z$5:Z$21) -> 2 | H15: v2: promoted V1.5 -> P3. v1 deferred this because '/plays requires year AND week, 15+ calls per season'. Reality - 2024 is ALREADY LANDED (36 files, ~570k rows) and the measured full 2024-2026 cost is ~1,006,000 plays, ~0.87 GB, about two minutes of API time. The expensive part is largely paid; what remains is modelling. This also changes the economics of the still-open Player page question.
A16: fct_player_game_stat | B16: One row per player x game x stat | C16: transaction | D16: /games/players | E16: NOT BUILT | F16: P3 | G16: =COUNTA(Matrix!AA$5:AA$21) -> 2 | H16: raw.raw_games_players landed (36 files).
A17: fct_player_season_stat | B17: One row per player x season x category x stat_type | C17: accumulating snapshot | D17: /stats/player/season, /player/usage, /ppa/players/season, /wepa/players/* | E17: NOT BUILT | F17: P2 | G17: =COUNTA(Matrix!AB$5:AB$21) -> 2 | H17: raw.raw_stats_player_season landed - 48 files, the largest endpoint at ~420 MB. Source is EAV with the value as a STRING: land long, type and pivot in dbt, serve wide. UNVERIFIED - the EAV shape was not inspected in the audit.
A18: fct_team_talent | B18: One row per team x season | C18: periodic snapshot | D18: /talent | E18: NOT BUILT | F18: P2 | G18: =COUNTA(Matrix!AC$5:AC$21) -> 2 | H18: raw.raw_talent landed. KNOWN ISSUE (from the training CSVs, UNVERIFIED against raw): talent = 0.00 for some teams e.g. Air Force. That is missing data, not a true zero, and will corrupt any feature or percentile built on it. Null it in staging.
A19: fct_returning_production | B19: One row per team x season | C19: periodic snapshot | D19: /player/returning | E19: NOT BUILT | F19: P2 | G19: =COUNTA(Matrix!AD$5:AD$21) -> 1 | H19: raw.raw_player_returning landed. Backlog B8 - preseason signal for year-over-year change.
A20: fct_game_weather | B20: One row per game | C20: transaction | D20: /games/weather | E20: NOT BUILT | F20: P3 | G20: =COUNTA(Matrix!AE$5:AE$21) -> 2 | H20: v2 GAP RESOLVED: v1 warned this endpoint was probably Patreon tier-gated. VERIFIED NOT GATED on this key - 4 responses, all HTTP 200, up to 3,176 rows landed. Backlog A2 can proceed; wind is the strongest known signal for totals.
A21: fct_bet | B21: One row per placed bet | C21: transaction | D21: manual entry | E21: NOT BUILT | F21: V1.5 | G21: =COUNTA(Matrix!AF$5:AF$21) -> 1 | H21: Backlog A5. Marc's scepticism was well founded: manual entry, and cfdb has no visibility into the actual book or its vig. Its real value is CLV against the closing line you snapshot yourself. Assume -110 and document it.
A22: fct_endpoint_freshness | B22: One row per API endpoint | C22: accumulating snapshot | D22: derived from stg_raw_manifest | E22: LIVE | F22: P1 | G22: =COUNTA(Matrix!AG$5:AG$21) -> 2 | H22: v2 NEW ROW: this is what marts.mart_data_freshness actually is - 64 rows, one per endpoint, built from raw_manifest, describing API RESPONSES. v1 wrongly mapped it to fct_pipeline_run. Renaming it fct_pipeline_run would bake in exactly that confusion. It answers 'how old is this endpoint's data' and 'did an endpoint stop returning rows'.
A23: fct_pipeline_run | B23: One row per Airflow task run | C23: transaction | D23: Airflow metadata DB | E23: NOT BUILT | F23: V1.5 | G23: =COUNTA(Matrix!AH$5:AH$21) -> 1 | H23: v2 CORRECTION: v1 marked PARTIAL on the assumption mart_data_freshness covered it. It does not - different grain, different source. NOTHING in the repo persists Airflow run history outside Airflow's own metadata DB, so nothing can answer 'did last Sunday's DAG succeed'. Deferred: the alerting path already surfaces failures by email and log, so the value here is historical analysis, not operations.
A24: fct_dq_test_result | B24: One row per dbt test x run | C24: transaction | D24: dbt run_results.json | E24: NOT BUILT | F24: NEXT | G24: =COUNTA(Matrix!AI$5:AI$21) -> 1 | H24: v2: moved P1 -> P2 per the audit. dbt already writes run_results.json on every CI and DAG run; persisting it is easy but nothing consumes it yet. When built, it must represent the known issues: provider spelling split, null talent, and the spread-source disagreement.
A25: fct_api_usage | B25: One row per endpoint x day | C25: periodic snapshot | D25: /info + internal logging | E25: LIVE | F25: P2 | G25: =COUNTA(Matrix!AJ$5:AJ$21) -> 1 | H25: /info reports quota live; nothing logs it. Backlog C4. Small, and it shows you think about constraints - 4-hourly lines add ~180 calls/month against a 75k tier.

Sheet Serving_Views
A1: Serving Views (srv_*)
A2: Pre-joined wide tables in serving Postgres. Streamlit reads exactly one of these per view, with a WHERE clause and no joins.
A4: View | B4: Page | C4: Grain | D4: Why it is shaped this way
A5: srv_today_edges | B5: Today | C5: game (current week) | D5: Pre-joined slate + line + prediction + PTL. Single SELECT, no app-side math.
A6: srv_schedule | B6: Schedule | C6: game | D6: Reads fct_game (one row per game), NOT fct_game_team - see the v1 grain inversion.
A7: srv_scoreboard | B7: Scores | C7: game | D7: Carries BOTH card states: pre-game fields (form, ratings, line) and post-game fields (score, winner, cover, excitement). One row, two render paths.
A8: srv_rankings | B8: Rankings | C8: team x season x week | D8: Long by poll for the individual tabs.
A9: srv_rankings_compare | B9: Rankings | C9: team x season x week | D9: Pre-pivoted wide: one column per poll plus a computed disagreement spread. Pivot in dbt, not Streamlit.
A10: srv_standings | B10: Standings | C10: team x season | D10: Carries cfdb's own tiebreak_rank as a column so the app never sorts by business logic. Does not exist on fct_team_record yet.
A11: srv_team_stats | B11: Stats | C11: team x season x through_week | D11: Emitted for all four toggle states (team/opponent x raw/adjusted) so the app filters rather than computes.
A12: srv_player_stats | B12: Stats | C12: player x season | D12: Wide, already pivoted out of the EAV source.
A13: srv_teams_index | B13: Teams | C13: team x season | D13: Conference-grouped index row. Needs dim_team's colour/logo columns - see Gaps.
A14: srv_team_overview | B14: Team page | C14: team x season | D14: KPI header + profile percentiles precomputed.
A15: srv_team_game_log | B15: Team page | C15: team x game | D15: Reads fct_game_team. Prediction vs result vs line, ATS outcome resolved.
... A22: srv_system_health | B22: System Overview | C22: varies | D22: Union of endpoint freshness, dbt test results, DQ issues and API usage. NOT Airflow run history - nothing captures that.
A24: Count | B24: =COUNTA(A5:A22) -> 18

Sheet Gaps_Risks
A1: Gaps & Risks
A2: Severity-ranked. The two CRITICAL rows are the ones that cost something irreversible.
A4: Severity | B4: Table | C4: Issue | D4: Why it matters | E4: What to do
A5: CRITICAL | B5: fct_betting_line | C5: Line history cannot be backfilled; cadence is @daily today | D5: /lines returns open + current only. The DAG has run since 2026-08-15 but at @daily, so five-sixths of intraday movement is being lost permanently. CLV is uncomputable without it. | E5: DECIDED: season-aware cadence. Schedule permanently at 0 */4 * * * UTC and short-circuit outside the window so only the 00:00 run proceeds - daily off-season, 4-hourly in-season, and the schedule never needs a seasonal edit. Window opens 2026-08-20 (7 days before the 2026-08-27 season start) and closes 2027-01-27 (championship Mon 2027-01-25 at Allegiant Stadium; +2 days because a 7:30pm ET kickoff runs past midnight UTC). MUST land before 2026-08-20.
A6: CRITICAL | B6: fct_team_week_rating | C6: Point-in-time correctness is the whole game | D6: If this is ever rebuilt with end-of-season values instead of as-of-week, every backtest silently leaks future information and the model looks far better than it is. The CFBD weekly training CSVs are already correct on this; the risk is losing it in the warehouse. | E6: Uniqueness test on (team_id, season, week) plus a test that a given week's values never change once written.
A7: HIGH | B7: dim_team | C7: Wireframe depends on colours and logos that the model does not carry | D7: logos, color and alternate_color are present in the raw /teams payload but were never selected into stg_teams. Wireframe v0.2 uses mascot marks and team-coloured accents throughout, so every one of those elements currently has no source. | E7: See claude_work/cfdb_team_identity_spec.md. Short version: add the columns, cache logo images rather than hotlinking the third-party CDN, compute contrast-safe variants in dbt, and never use a team colour to ENCODE data - only as identity chrome.
A8: HIGH | B8: fct_game / fct_game_team | C8: v1 of this matrix inverted these two, and it nearly cost a duplicate table | D8: v1 marked fct_game_team NOT BUILT (P2) and fct_game PARTIAL. Reality is the reverse: mart_team_schedule IS the game x team spine, live with 9 tests and serving the site, while the one-row-per-game grain exists only as a staging view. Building v1 as written would have created a second table at an existing grain. | E8: RESOLVED in v2. Recorded because it is the reason this workbook must never again be treated as authoritative over a verified audit.
A9: HIGH | B9: fct_team_record | C9: Standings ordering and tiebreakers do not exist | D9: CFBD has no standings endpoint, and the live mart derives W-L-T from stg_games without any tiebreak_rank column. Every row order on the Standings page would be arbitrary. | E9: Add tiebreak_rank computed in dbt, test it, and label it on the page as cfdb logic rather than official. Separately, add a reconciliation test against /records - landed and currently unused.
A10: HIGH | B10: dim_provider | C10: Two spellings of DraftKings will silently split the dimension | D10: Verified in landed responses: DraftKings 2,032 rows and 'Draft Kings' 64 rows are the same book. Unnormalised, dim_provider gains a duplicate member and every provider-level comparison splits without erroring. | E10: DECIDED: preserve provider_raw exactly as landed, add a mapped provider_key. No blind rename - the mapping stays auditable and reversible. Add a test that FAILS on an unmapped provider_raw so a new sportsbook surfaces loudly.
A11: HIGH | B11: fct_pipeline_run | C11: Nothing records whether a DAG actually ran | D11: mart_data_freshness describes API responses, not task runs. No table can answer 'did last Sunday's DAG succeed'. The System Overview page assumes this data exists. | E11: Deferred to V1.5 - alerting already surfaces failures by email and log, so the value is historical analysis rather than operations. The page must not imply coverage it does not have.
A12: MEDIUM | B12: fct_betting_line | C12: The snapshot DAG fetches but does not load | D12: 12 files on disk, 10 loaded. Loading happens only in the weekly DAGs, so the warehouse can lag disk by a week. | E12: Add a load step to the snapshot DAG, as a SEPARATE task so a load failure never blocks the next fetch. The fetch is the irreversible part; the load can always catch up.
A13: MEDIUM | B13: dim_week | C13: /calendar has a hard 2002 floor | D13: CFBD serves no calendar data before 2002, while stg_games covers 1869-2026. Any week-grain join across deep history loses ~130 seasons. | E13: Record the floor as a documented model constraint and test for it, so the loss is visible rather than discovered later as missing rows.
A14: MEDIUM | B14: fct_team_talent | C14: Zero is not zero | D14: talent = 0.00 for some teams (Air Force) in the CFBD weekly training CSVs. That is missing data. UNVERIFIED against the landed raw table - the audit did not inspect it. | E14: Verify against raw first, then null in staging with a test, and surface affected teams on System Overview.
A15: MEDIUM | B15: fct_player_season_stat | C15: Source is EAV with string values | D15: /stats/player/season returns category / statType / stat where stat is a STRING. UNVERIFIED - documented but not inspected in the audit. | E15: Confirm the shape, then land long, type and pivot in dbt, serve wide. dim_stat_category exists for this.
... A22: OPEN | B22: dim_field_metadata | C22: Meaning of `spread` in the CFBD training CSVs still unconfirmed | D22: It carries half-point values so it is a market line, not a game margin, and those files contain no outcome column at all. Marc calls a data dictionary a project requirement partly because of this. | E22: Chase CFBD's own field documentation at 2026 re-subscribe. Until then the field carries status = unknown in the dictionary rather than a plausible guess.
C24: Critical | D24: =COUNTIF(A5:A22,"CRITICAL") -> 2
C25: High | D25: =COUNTIF(A5:A22,"HIGH") -> 5
C26: Resolved | D26: =COUNTIF(A5:A22,"RESOLVED") -> 4
C27: Total | D27: =COUNTA(A5:A22) -> 18

Sheet Build_Order
A1: Build Order
A2: Table counts are formulas off the Dimensions and Facts sheets — re-phase a table there and these update.
A4: Phase | B4: What ships | C4: Dims | D4: Facts | E4: Total | F4: Why this order
A5: NEXT | B5: fct_poll_rank + dim_poll → Rankings · fct_team_season_stat → Stats · dim_field_metadata → Data Dictionary · fct_dq_test_result → System Overview · fct_prediction + dim_model_version → Edge Finder + Model Performance | C5: =COUNTIF(Dimensions!$F$5:$F$16,$A5) -> 3 | D5: =COUNTIF(Facts!$F$5:$F$25,$A5) -> 4 | E5: =C5+D5 -> 7 | F5: THE NORTH STAR SET. Every table here is PRIMARY on a page that cannot render without it. Building these seven takes the site from 11 of 17 pages rendering to 17 of 17. Four have raw already on disk or a source that already exists; fct_prediction arrives with the Model Starter Package. Nothing here is freeze-constrained — they are new objects and nothing reads them until they exist. Enrichment (fct_team_week_rating and the rest of P2) waits, because it blocks nothing.
A6: P1 | B6: Lines cadence gate (BEFORE 2026-08-20) · fct_*/dim_* rename · dim_conference · dim_venue · dim_season · dim_week · dim_provider · fct_game (promote stg_games) · fct_betting_line · dim_team promotion + colour/logo columns · [already live: fct_game_team, fct_team_record, fct_endpoint_freshness] | C6: =COUNTIF(Dimensions!$F$5:$F$16,$A6) -> 6 | D6: =COUNTIF(Facts!$F$5:$F$25,$A6) -> 5 | E6: =C6+D6 -> 11 | F6: Two items are time-boxed rather than large. The lines cadence gate must land before 2026-08-20 — seven days before the season opener — because intraday line history cannot be backfilled and five-sixths of it is being lost daily at the current @daily cadence. The rename must land before 2026-08-27 per the freeze rule. Everything else in P1 is a normal build.
A7: P2 | B7: dim_poll · dim_stat_category · dim_field_metadata · fct_team_week_rating · fct_team_season_stat · fct_game_team_advanced · fct_poll_rank · fct_drive · fct_player_season_stat · fct_team_talent · fct_returning_production · fct_dq_test_result · fct_api_usage | C7: =COUNTIF(Dimensions!$F$5:$F$16,$A7) -> 1 | D7: =COUNTIF(Facts!$F$5:$F$25,$A7) -> 7 | E7: =C7+D7 -> 8 | F7: The ESPN-parity bulk. fct_team_week_rating is the centre of gravity — it is what the CFBD weekly training CSVs already are, and its snapshot grain is what makes every later backtest trustworthy or worthless.
A8: P3 | B8: dim_athlete · fct_prediction · fct_player_game_stat · fct_game_weather · fct_play | C8: =COUNTIF(Dimensions!$F$5:$F$16,$A8) -> 1 | D8: =COUNTIF(Facts!$F$5:$F$25,$A8) -> 3 | E8: =C8+D8 -> 4 | F8: Predictions land here, which is what turns the site from a stats mirror into a product. fct_play moved up from V1.5: 2024 is already landed and the measured full 2024–2026 cost is ~1M plays / ~0.87 GB / ~2 minutes of API time, so the expensive part is largely paid.
A9: P4 | B9: (no new tables — fct_betting_line has been accruing since P1) | C9: =COUNTIF(Dimensions!$F$5:$F$16,$A9) -> 0 | D9: =COUNTIF(Facts!$F$5:$F$25,$A9) -> 0 | E9: =C9+D9 -> 0 | F9: Line Movement ships. Nothing is built; the DAG has simply run long enough for the page to have something to draw. This row exists to make that visible.
A10: P5 | B10: dim_model_version | C10: =COUNTIF(Dimensions!$F$5:$F$16,$A10) -> 0 | D10: =COUNTIF(Facts!$F$5:$F$25,$A10) -> 0 | E10: =C10+D10 -> 0 | F10: The betting pages and the Excel export. One new table — by now the facts exist, so this phase is mostly serving views and app work.
A11: V1.5 | B11: dim_coach · fct_bet · fct_pipeline_run | C11: =COUNTIF(Dimensions!$F$5:$F$16,$A11) -> 1 | D11: =COUNTIF(Facts!$F$5:$F$25,$A11) -> 2 | E11: =C11+D11 -> 3 | F11: Deferred. fct_bet is manual entry with no visibility into the actual book. fct_pipeline_run is real work (Airflow metadata extraction) whose value is historical analysis — alerting already covers operations.
B12: Total tables | C12: =SUM(C5:C11) -> 12 | D12: =SUM(D5:D11) -> 21 | E12: =SUM(E5:E11) -> 33

Sheet Changes
A1: v1 -> v2 Changes
A2: Every correction the reconciliation audit forced. Read this before trusting any memory of v1.
A4: Type | B4: Table | C4: v1 said | D4: v2 says | E4: Why
A5: CORRECTION | B5: fct_game_team | C5: NOT BUILT / P2 | D5: LIVE / P1 | E5: THE HEADLINE ERROR. mart_team_schedule (220,204 rows = 2 x games, 9 tests, serving the site) IS this table. Building v1 as written would have duplicated a live production table.
A6: CORRECTION | B6: fct_game | C6: PARTIAL / P1 | D6: NOT BUILT / P1 | E6: PARTIAL implied most of the work was done. No mart at one-row-per-game exists; the grain lives only in the stg_games view.
A7: CORRECTION | B7: fct_pipeline_run | C7: PARTIAL / P1 | D7: NOT BUILT / V1.5 | E7: mart_data_freshness does not cover it - different grain (endpoint, not task run) and different source (API responses, not Airflow metadata).
A8: NEW ROW | B8: fct_endpoint_freshness | C8: - | D8: LIVE / P1 | E8: What mart_data_freshness actually is. Split out so the grain confusion cannot be re-inherited via a rename.
A9: CORRECTION | B9: dim_conference | C9: ASSUMED / P1 | D9: NOT BUILT / P1 | E9: Does not exist in any form. Conference is a text column on stg_teams. ASSUMED implied 'probably covered'.
A10: CORRECTION | B10: dim_team | C10: ASSUMED, SCD2 | D10: PARTIAL, season-scoped | E10: Exists as a staging VIEW at the right grain, but missing logos/color/alternate_color. SCD2 rejected as over-engineering.
A11: SOURCE FIX | B11: fct_team_record | C11: source: /records | D11: source: derived from stg_games | E11: The live mart unpivots home/away from games. /records is landed and unused. Changes the shape of the standings gap.
A12: PHASE | B12: fct_play | C12: V1.5 | D12: P3 | E12: 2024 already landed (~570k rows); measured full 2024-2026 cost is ~1M plays / ~0.87 GB / ~2 min of API time.
A13: PHASE | B13: dim_field_metadata | C13: P1 | D13: P2 | E13: Still a requirement, but all 6 models already carry schema.yml descriptions and dbt docs covers the need until there are more tables.
A14: PHASE | B14: fct_dq_test_result | C14: P1 | D14: P2 | E14: dbt already writes run_results.json every run; nothing consumes it yet.
A15: GAP CLOSED | B15: fct_game_weather | C15: UNVERIFIED tier-gating | D15: NOT gated | E15: 4 responses, HTTP 200, 3,176 rows on the live key.
... A20: DECIDED | B20: fct_betting_line | C20: 4-hourly always | D20: season-aware, 2026-08-20 to 2027-01-27 | E20: Championship confirmed Mon 2027-01-25 at Allegiant Stadium; window closes +2 days for the UTC overrun.
A22: Corrections | B22: =COUNTIF(A5:A20,"CORRECTION") -> 5
A23: Total changes | B23: =COUNTA(A5:A20) -> 16
